attribution_id,strategy_id,regime,granularity,scope,trade_count,win_rate,profit_factor,sharpe,expectancy,max_drawdown,avg_r,win_rate_shrunk,profit_factor_shrunk,sharpe_shrunk,low_confidence,model_version,qualification_run_id,created_at,recovery_factor,oos_months
3457,1,High-Vol,H1,PORTFOLIO,744,0.353494623655914,0.977065736892611,-0.24162458363423003,-0.012789903989600776,0.19835566416701134,1.7353854132868765,0.353494623655914,0.977065736892611,-0.24162458363423003,False,hmm-v1.0.0,7fde532c-bae1-4d43-a687-13166858af4d,2026-08-24 10:20:52.898244+00:00,-0.6915232852272477,17.67
3458,1,Trending-Down,H1,PORTFOLIO,565,0.31504424778761064,0.8197837098986398,-1.5585016306926818,-0.10629664908260948,0.4982321957433362,1.763221945871376,0.31504424778761064,0.8197837098986398,-1.5585016306926818,False,hmm-v1.0.0,7fde532c-bae1-4d43-a687-13166858af4d,2026-08-24 10:20:52.898244+00:00,-0.946922298681699,23.72
3459,1,Trending-Up,H1,PORTFOLIO,877,0.29418472063854045,0.741220272943208,-2.9405751454775517,-0.15994758106748985,0.7754423261648763,1.7783540657048285,0.29418472063854045,0.741220272943208,-2.9405751454775517,False,hmm-v1.0.0,7fde532c-bae1-4d43-a687-13166858af4d,2026-08-24 10:20:52.898244+00:00,-0.9904506046443806,23.72
3460,1,UNKNOWN,H1,PORTFOLIO,5766,0.3152965660770031,0.8273751536872644,-2.8509961792490803,-0.10251863241192127,0.9984034077174649,1.7781109938609425,0.3152965660770031,0.8273751536872644,-2.8509961792490803,False,hmm-v1.0.0,7fde532c-bae1-4d43-a687-13166858af4d,2026-08-24 10:20:52.898244+00:00,-0.999765853162465,66.06
3461,2,High-Vol,H4,PORTFOLIO,51,0.3333333333333333,0.8327731067177493,-0.4465529160250956,-0.11101638913082486,0.1333117884540102,1.6655462134354986,0.3333333333333333,0.8327731067177493,-0.4465529160250956,False,hmm-v1.0.0,7fde532c-bae1-4d43-a687-13166858af4d,2026-08-24 10:20:52.898244+00:00,-0.4413507935696779,23.62
3462,2,Ranging,H4,PORTFOLIO,148,0.36486486486486486,0.9490704143535432,-0.21857767894199273,-0.03237191135574395,0.2244182007194324,1.6520855360969084,0.36486486486486486,0.9490704143535432,-0.21857767894199273,False,hmm-v1.0.0,7fde532c-bae1-4d43-a687-13166858af4d,2026-08-24 10:20:52.898244+00:00,-0.2594621469330279,23.62
3463,2,Trending-Down,H4,PORTFOLIO,8,0.375,0.6618630262170084,-0.4415812719665103,-0.2130251888537013,0.02668058854459343,1.103105043695014,0.375,0.6618630262170084,-0.4415812719665103,False,hmm-v1.0.0,7fde532c-bae1-4d43-a687-13166858af4d,2026-08-24 10:20:52.898244+00:00,-0.6503775812852572,17.58
3464,2,UNKNOWN,H4,PORTFOLIO,457,0.3085339168490153,0.7414650449926494,-1.3833451349619421,-0.17728461460468625,0.5977111246278255,1.6617230795579945,0.3085339168490153,0.7414650449926494,-1.3833451349619421,False,hmm-v1.0.0,7fde532c-bae1-4d43-a687-13166858af4d,2026-08-24 10:20:52.898244+00:00,-0.9543939795036877,60.02
3465,3,High-Vol,H4,PORTFOLIO,51,0.3333333333333333,0.8327731067177493,-0.4465529160250956,-0.11101638913082486,0.1333117884540102,1.6655462134354986,0.3333333333333333,0.8327731067177493,-0.4465529160250956,False,hmm-v1.0.0,7fde532c-bae1-4d43-a687-13166858af4d,2026-08-24 10:20:52.898244+00:00,-0.4413507935696779,23.62
3466,3,Ranging,H4,PORTFOLIO,148,0.36486486486486486,0.9490704143535432,-0.21857767894199273,-0.03237191135574395,0.2244182007194324,1.6520855360969084,0.36486486486486486,0.9490704143535432,-0.21857767894199273,False,hmm-v1.0.0,7fde532c-bae1-4d43-a687-13166858af4d,2026-08-24 10:20:52.898244+00:00,-0.2594621469330279,23.62
3467,3,Trending-Down,H4,PORTFOLIO,8,0.375,0.6618630262170084,-0.4415812719665103,-0.2130251888537013,0.02668058854459343,1.103105043695014,0.375,0.6618630262170084,-0.4415812719665103,False,hmm-v1.0.0,7fde532c-bae1-4d43-a687-13166858af4d,2026-08-24 10:20:52.898244+00:00,-0.6503775812852572,17.58
3468,3,UNKNOWN,H4,PORTFOLIO,457,0.3085339168490153,0.7414650449926494,-1.3833451349619421,-0.17728461460468625,0.5977111246278255,1.6617230795579945,0.3085339168490153,0.7414650449926494,-1.3833451349619421,False,hmm-v1.0.0,7fde532c-bae1-4d43-a687-13166858af4d,2026-08-24 10:20:52.898244+00:00,-0.9543939795036877,60.02
3469,4,High-Vol,H1,PORTFOLIO,1344,0.33035714285714285,0.9116940223442005,-1.2683950748822206,-0.05437464130138174,0.611623543873995,1.7991837786084663,0.33035714285714285,0.9116940223442005,-1.2683950748822206,False,hmm-v1.0.0,7fde532c-bae1-4d43-a687-13166858af4d,2026-08-24 10:20:52.898244+00:00,-0.9312513977359888,17.67
3470,4,Trending-Down,H1,PORTFOLIO,970,0.311340206185567,0.8506669932350965,-1.6065169496901333,-0.09059167258780378,0.6556868144988509,1.845891776170275,0.311340206185567,0.8506669932350965,-1.6065169496901333,False,hmm-v1.0.0,7fde532c-bae1-4d43-a687-13166858af4d,2026-08-24 10:20:52.898244+00:00,-0.937833735698152,23.72
3471,4,Trending-Up,H1,PORTFOLIO,1568,0.305484693877551,0.8467637906370604,-2.113809210547052,-0.09515943277682405,0.8110552074253833,1.8964709691127553,0.305484693877551,0.8467637906370604,-2.113809210547052,False,hmm-v1.0.0,7fde532c-bae1-4d43-a687-13166858af4d,2026-08-24 10:20:52.898244+00:00,-0.9884873110312051,23.72
3472,4,UNKNOWN,H1,PORTFOLIO,10383,0.3141673890012521,0.8654155567378917,-2.829940703882288,-0.08256110771961843,0.9999273543422476,1.8498290217005464,0.3141673890012521,0.8654155567378917,-2.829940703882288,False,hmm-v1.0.0,7fde532c-bae1-4d43-a687-13166858af4d,2026-08-24 10:20:52.898244+00:00,-0.9999902917317615,66.06
3473,5,High-Vol,H4,PORTFOLIO,94,0.32978723404255317,0.967972046864507,-0.10527851843427262,-0.02123406806886178,0.18415349956449098,1.9671689984665788,0.32978723404255317,0.967972046864507,-0.10527851843427262,False,hmm-v1.0.0,7fde532c-bae1-4d43-a687-13166858af4d,2026-08-24 10:20:52.898244+00:00,-0.15490097867375774,23.62
3474,5,Ranging,H4,PORTFOLIO,400,0.3075,0.8592306019310552,-1.0173878416749413,-0.09764253229664434,0.5273910001588442,1.9350152580073356,0.3075,0.8592306019310552,-1.0173878416749413,False,hmm-v1.0.0,7fde532c-bae1-4d43-a687-13166858af4d,2026-08-24 10:20:52.898244+00:00,-0.6600755765443513,23.62
3475,5,Trending-Down,H4,PORTFOLIO,16,0.375,0.98855749086717,-0.015026801215299148,-0.0072035426285547155,0.050282336986097804,1.6475958181119503,0.375,0.98855749086717,-0.015026801215299148,False,hmm-v1.0.0,7fde532c-bae1-4d43-a687-13166858af4d,2026-08-24 10:20:52.898244+00:00,-0.05056934522441417,23.62
3476,5,UNKNOWN,H4,PORTFOLIO,1324,0.31419939577039274,0.8966159550026561,-0.8358099695954265,-0.07083730579228376,0.7187143457228998,1.9570367479384898,0.31419939577039274,0.8966159550026561,-0.8358099695954265,False,hmm-v1.0.0,7fde532c-bae1-4d43-a687-13166858af4d,2026-08-24 10:20:52.898244+00:00,-0.9108924564977038,60.02
3477,6,High-Vol,H4,PORTFOLIO,40,0.2,0.9477929115953413,-0.0966336169188418,-0.042315568256950674,0.1358875304191659,3.791171646381365,0.2,0.9477929115953413,-0.0966336169188418,False,hmm-v1.0.0,7fde532c-bae1-4d43-a687-13166858af4d,2026-08-24 10:20:52.898244+00:00,-0.17730740518922497,23.62
3478,6,Ranging,H4,PORTFOLIO,251,0.24302788844621515,1.1088850058501865,0.4663314455607438,0.08323077288268195,0.21761555001940133,3.4539041165825477,0.24302788844621515,1.1088850058501865,0.4663314455607438,False,hmm-v1.0.0,7fde532c-bae1-4d43-a687-13166858af4d,2026-08-24 10:20:52.898244+00:00,0.79208254823663,23.62
3479,6,Trending-Down,H4,PORTFOLIO,6,0.0,0.0,-10.0,-1.0098987831045678,0.05908453200025077,0.0,0.0,0.0,-10.0,False,hmm-v1.0.0,7fde532c-bae1-4d43-a687-13166858af4d,2026-08-24 10:20:52.898244+00:00,-1.0,17.58
3480,6,UNKNOWN,H4,PORTFOLIO,704,0.17329545454545456,0.7729756345318378,-1.228942827405352,-0.18955075438228286,0.7694452543428694,3.651210111081283,0.17329545454545456,0.7729756345318378,-1.228942827405352,False,hmm-v1.0.0,7fde532c-bae1-4d43-a687-13166858af4d,2026-08-24 10:20:52.898244+00:00,-0.9951833454821123,60.02
3481,7,High-Vol,H1,PORTFOLIO,877,0.4789053591790194,0.8642726727817885,-1.7669583274181024,-0.07132758704287936,0.5135641770128327,0.9404109796697079,0.4789053591790194,0.8642726727817885,-1.7669583274181024,False,hmm-v1.0.0,7fde532c-bae1-4d43-a687-13166858af4d,2026-08-24 10:20:52.898244+00:00,-0.9491094990820623,17.67
3482,7,Trending-Down,H1,PORTFOLIO,439,0.47380410022779046,0.8579583669636093,-1.1318412748624556,-0.07475194727292064,0.3428392701839485,0.9441647100556466,0.47380410022779046,0.8579583669636093,-1.1318412748624556,False,hmm-v1.0.0,7fde532c-bae1-4d43-a687-13166858af4d,2026-08-24 10:20:52.898244+00:00,-0.8603790850440635,23.72
3483,7,Trending-Up,H1,PORTFOLIO,951,0.491062039957939,0.9039772557220287,-1.0952044959807798,-0.0488277139472313,0.44698222336011867,0.9368843506840725,0.491062039957939,0.9039772557220287,-1.0952044959807798,False,hmm-v1.0.0,7fde532c-bae1-4d43-a687-13166858af4d,2026-08-24 10:20:52.898244+00:00,-0.8936773426042784,23.72
3484,7,UNKNOWN,H1,PORTFOLIO,6051,0.49148901008097834,0.9142050482443033,-1.4720695551780298,-0.0435754214971276,0.9668543801685892,0.9411926511445042,0.49148901008097834,0.9142050482443033,-1.4720695551780298,False,hmm-v1.0.0,7fde532c-bae1-4d43-a687-13166858af4d,2026-08-24 10:20:52.898244+00:00,-0.9789927539348965,66.06
3485,8,High-Vol,H4,PORTFOLIO,53,0.4716981132075472,0.9059678155656563,-0.2525145492055814,-0.04829060841070227,0.059922094685431394,1.0146839534335352,0.4716981132075472,0.9059678155656563,-0.2525145492055814,False,hmm-v1.0.0,7fde532c-bae1-4d43-a687-13166858af4d,2026-08-24 10:20:52.898244+00:00,-0.46341558726651233,23.62
3486,8,Ranging,H4,PORTFOLIO,305,0.5016393442622951,0.9905955947031009,-0.058549059438579694,-0.004679096878489823,0.18570841450097358,0.9841211136919695,0.5016393442622951,0.9905955947031009,-0.058549059438579694,False,hmm-v1.0.0,7fde532c-bae1-4d43-a687-13166858af4d,2026-08-24 10:20:52.898244+00:00,-0.15557812673912036,23.62
3487,8,Trending-Down,H4,PORTFOLIO,7,0.42857142857142855,0.5709519567523487,-0.5538353934603419,-0.2468809132877258,0.02708093555841551,0.7612692756697982,0.42857142857142855,0.5709519567523487,-0.5538353934603419,False,hmm-v1.0.0,7fde532c-bae1-4d43-a687-13166858af4d,2026-08-24 10:20:52.898244+00:00,-0.6438024553646083,17.58
3488,8,UNKNOWN,H4,PORTFOLIO,916,0.5043668122270742,0.9877943979387531,-0.08250467739713825,-0.006026488080119925,0.3661554829163425,0.9706897330393808,0.5043668122270742,0.9877943979387531,-0.08250467739713825,False,hmm-v1.0.0,7fde532c-bae1-4d43-a687-13166858af4d,2026-08-24 10:20:52.898244+00:00,-0.2596959200383852,60.02
3489,9,High-Vol,H4,PORTFOLIO,142,0.5774647887323944,1.3285589753765958,1.206153220650172,0.14082474887838525,0.05155212698862672,0.9721163234462896,0.5774647887323944,1.3285589753765958,1.206153220650172,False,hmm-v1.0.0,7fde532c-bae1-4d43-a687-13166858af4d,2026-08-24 10:20:52.898244+00:00,4.127164720223417,23.62
3490,9,Ranging,H4,PORTFOLIO,582,0.5017182130584192,0.9691605973327372,-0.2690488080090289,-0.0156659880176985,0.2484175144570387,0.9625225110496364,0.5017182130584192,0.9691605973327372,-0.2690488080090289,False,hmm-v1.0.0,7fde532c-bae1-4d43-a687-13166858af4d,2026-08-24 10:20:52.898244+00:00,-0.45633229745745674,23.62
3491,9,Trending-Down,H4,PORTFOLIO,24,0.5,1.0600862752584768,0.09810497142288356,0.028073524452146132,0.04976934642672752,1.0600862752584768,0.5,1.0600862752584768,0.09810497142288356,False,hmm-v1.0.0,7fde532c-bae1-4d43-a687-13166858af4d,2026-08-24 10:20:52.898244+00:00,0.11260342431769632,23.62
3492,9,UNKNOWN,H4,PORTFOLIO,1815,0.49421487603305786,0.9438953903823102,-0.5497873833119641,-0.02886904160707025,0.6433018020314342,0.965993275775876,0.49421487603305786,0.9438953903823102,-0.5497873833119641,False,hmm-v1.0.0,7fde532c-bae1-4d43-a687-13166858af4d,2026-08-24 10:20:52.898244+00:00,-0.713931255312907,60.02
3493,10,High-Vol,H4,PORTFOLIO,1,1.0,,,0.9845993981324022,0.0,,0.7592592592592593,2.597829466761953,1.750227645225285,True,hmm-v1.0.0,7fde532c-bae1-4d43-a687-13166858af4d,2026-08-24 10:20:52.898244+00:00,,6.04
3494,10,Ranging,H4,PORTFOLIO,23,0.5217391304347826,1.2499528388551824,0.3624832755005709,0.10323490604904285,0.03386653495625497,1.1457901022839172,0.5217391304347826,1.2499528388551824,0.3624832755005709,False,hmm-v1.0.0,7fde532c-bae1-4d43-a687-13166858af4d,2026-08-24 10:20:52.898244+00:00,0.6776388450504157,23.62
3495,10,UNKNOWN,H4,PORTFOLIO,66,0.7727272727272727,3.40110330359409,2.337542806162646,0.5353029222217001,0.02429027213792976,1.0003245010570854,0.7727272727272727,3.40110330359409,2.337542806162646,False,hmm-v1.0.0,7fde532c-bae1-4d43-a687-13166858af4d,2026-08-24 10:20:52.898244+00:00,17.259288393027298,60.02
3496,11,High-Vol,H1,PORTFOLIO,335,0.3074626865671642,0.8331838139025134,-1.310345167155274,-0.11806299214776436,0.3795053310493741,1.8766858720910982,0.3074626865671642,0.8331838139025134,-1.310345167155274,False,hmm-v1.0.0,7fde532c-bae1-4d43-a687-13166858af4d,2026-08-24 10:20:52.898244+00:00,-0.9147849817638266,17.67
3497,11,Trending-Down,H1,PORTFOLIO,280,0.325,0.9133102392125061,-0.5110450991198879,-0.05960493057127871,0.2327273116514218,1.8968751122105894,0.325,0.9133102392125061,-0.5110450991198879,False,hmm-v1.0.0,7fde532c-bae1-4d43-a687-13166858af4d,2026-08-24 10:20:52.898244+00:00,-0.7565604399080521,23.72
3498,11,Trending-Up,H1,PORTFOLIO,387,0.36175710594315247,1.0706491663848423,0.4532716264277012,0.0461599244747633,0.1625813503545234,1.8889310292646861,0.36175710594315247,1.0706491663848423,0.4532716264277012,False,hmm-v1.0.0,7fde532c-bae1-4d43-a687-13166858af4d,2026-08-24 10:20:52.898244+00:00,0.9218576243111773,23.72
3499,11,UNKNOWN,H1,PORTFOLIO,2434,0.32744453574363186,0.9226564404448536,-0.8046625545950081,-0.0529607324679086,0.81174903700087,1.8950923375260043,0.32744453574363186,0.9226564404448536,-0.8046625545950081,False,hmm-v1.0.0,7fde532c-bae1-4d43-a687-13166858af4d,2026-08-24 10:20:52.898244+00:00,-0.9627716983017166,66.06
3500,12,High-Vol,H1,PORTFOLIO,348,0.7902298850574713,0.8256790176170318,-0.9772254630318465,-0.031165987758554073,0.12756258692335412,0.2191802483128848,0.7902298850574713,0.8256790176170318,-0.9772254630318465,False,hmm-v1.0.0,7fde532c-bae1-4d43-a687-13166858af4d,2026-08-24 10:20:52.898244+00:00,-0.8352585229312655,17.67
3501,12,Trending-Down,H1,PORTFOLIO,320,0.815625,1.1436431848227346,0.5680730375743719,0.020487926883605047,0.07144633135406599,0.2585247046151009,0.815625,1.1436431848227346,0.5680730375743719,False,hmm-v1.0.0,7fde532c-bae1-4d43-a687-13166858af4d,2026-08-24 10:20:52.898244+00:00,0.8980000345957938,23.72
3502,12,Trending-Up,H1,PORTFOLIO,454,0.7951541850220264,0.9489131318194732,-0.2660272254094102,-0.008514118403566796,0.1226417830395851,0.24445684559338232,0.7951541850220264,0.9489131318194732,-0.2660272254094102,False,hmm-v1.0.0,7fde532c-bae1-4d43-a687-13166858af4d,2026-08-24 10:20:52.898244+00:00,-0.3510296983825324,23.72
3503,12,UNKNOWN,H1,PORTFOLIO,2852,0.7829593267882188,0.8981218562117855,-0.8338301551369789,-0.01814597523400826,0.4911416956138126,0.24896436587330734,0.7829593267882188,0.8981218562117855,-0.8338301551369789,False,hmm-v1.0.0,7fde532c-bae1-4d43-a687-13166858af4d,2026-08-24 10:20:52.898244+00:00,-0.8645083888120484,66.06
3504,13,High-Vol,H4,PORTFOLIO,47,0.3191489361702128,0.6652151880294013,-0.9745919062641558,-0.23440924317675352,0.1279820630669605,1.4191257344627226,0.3191489361702128,0.6652151880294013,-0.9745919062641558,False,hmm-v1.0.0,7fde532c-bae1-4d43-a687-13166858af4d,2026-08-24 10:20:52.898244+00:00,-0.838193434035501,23.62
3505,13,Ranging,H4,PORTFOLIO,169,0.40236686390532544,0.9526402624870375,-0.2191444183841701,-0.028454255086391215,0.21499744079344882,1.4149509781057468,0.40236686390532544,0.9526402624870375,-0.2191444183841701,False,hmm-v1.0.0,7fde532c-bae1-4d43-a687-13166858af4d,2026-08-24 10:20:52.898244+00:00,-0.27183456899527475,23.62
3506,13,Trending-Down,H4,PORTFOLIO,9,0.5555555555555556,1.8001807974103663,0.685114174606402,0.35737578300051814,0.019959286545366717,1.440144637928293,0.5555555555555556,1.8001807974103663,0.685114174606402,False,hmm-v1.0.0,7fde532c-bae1-4d43-a687-13166858af4d,2026-08-24 10:20:52.898244+00:00,1.6003008332462045,17.58
3507,13,UNKNOWN,H4,PORTFOLIO,550,0.44363636363636366,1.1548023706501156,0.7407321632281082,0.08721269734660024,0.15543549845501975,1.4482357599136695,0.44363636363636366,1.1548023706501156,0.7407321632281082,False,hmm-v1.0.0,7fde532c-bae1-4d43-a687-13166858af4d,2026-08-24 10:20:52.898244+00:00,3.5335935278353214,60.02
3508,14,High-Vol,D1,PORTFOLIO,20,0.55,1.0390246101044687,0.05076698749493572,0.004668074436162598,0.008464174654191086,0.8501110446309289,0.55,1.0390246101044687,0.05076698749493572,False,hmm-v1.0.0,7fde532c-bae1-4d43-a687-13166858af4d,2026-08-24 10:20:52.898244+00:00,0.10060198651048666,23.36
3509,14,Ranging,D1,PORTFOLIO,35,0.37142857142857144,0.6520475779263584,-0.8411485471375137,-0.057237710399165566,0.020783142406816446,1.1034651318753756,0.37142857142857144,0.6520475779263584,-0.8411485471375137,False,hmm-v1.0.0,7fde532c-bae1-4d43-a687-13166858af4d,2026-08-24 10:20:52.898244+00:00,-0.9635300666305198,17.41
3510,14,Trending-Down,D1,PORTFOLIO,5,0.6,1.4612840154783622,0.2284987007424639,0.03191284553821512,0.003335835076510686,0.9741893436522414,0.6,1.4612840154783622,0.2284987007424639,False,hmm-v1.0.0,7fde532c-bae1-4d43-a687-13166858af4d,2026-08-24 10:20:52.898244+00:00,0.4746047909740128,17.41
3511,14,Trending-Up,D1,PORTFOLIO,23,0.21739130434782608,0.43194122375604305,-1.771498924350675,-0.10936553059490321,0.025887656004727644,1.554988405521755,0.21739130434782608,0.43194122375604305,-1.771498924350675,False,hmm-v1.0.0,7fde532c-bae1-4d43-a687-13166858af4d,2026-08-24 10:20:52.898244+00:00,-0.9636967112082727,11.99
3512,14,UNKNOWN,D1,PORTFOLIO,217,0.4930875576036866,0.9931654812501554,-0.01856227276345201,-0.000906382057406637,0.06499189595673967,1.0210112424067017,0.4930875576036866,0.9931654812501554,-0.01856227276345201,False,hmm-v1.0.0,7fde532c-bae1-4d43-a687-13166858af4d,2026-08-24 10:20:52.898244+00:00,-0.04582070661156938,65.97
3513,16,High-Vol,H4,PORTFOLIO,136,0.375,0.9580449715572686,-0.12921850616580563,-0.011169636513694485,0.08486975393715801,1.5967416192621147,0.375,0.9580449715572686,-0.12921850616580563,False,hmm-v1.0.0,7fde532c-bae1-4d43-a687-13166858af4d,2026-08-24 10:20:52.898244+00:00,-0.21772514860822456,23.62
3514,16,Ranging,H4,PORTFOLIO,556,0.42805755395683454,1.1041407568640873,0.555911394799083,0.02939054907246413,0.09615871694996424,1.4752805070705033,0.42805755395683454,1.1041407568640873,0.555911394799083,False,hmm-v1.0.0,7fde532c-bae1-4d43-a687-13166858af4d,2026-08-24 10:20:52.898244+00:00,1.5842132740063515,23.62
3515,16,Trending-Down,H4,PORTFOLIO,34,0.38235294117647056,0.895766916147738,-0.14985337989700526,-0.024536857704755697,0.04140062889808346,1.4470080953155766,0.38235294117647056,0.895766916147738,-0.14985337989700526,False,hmm-v1.0.0,7fde532c-bae1-4d43-a687-13166858af4d,2026-08-24 10:20:52.898244+00:00,-0.21885488980854628,23.62
3516,16,UNKNOWN,H4,PORTFOLIO,1956,0.3941717791411043,0.9235601404203438,-0.5546197304005555,-0.02268129631212942,0.5205932025375573,1.4194795932530577,0.3941717791411043,0.9235601404203438,-0.5546197304005555,False,hmm-v1.0.0,7fde532c-bae1-4d43-a687-13166858af4d,2026-08-24 10:20:52.898244+00:00,-0.7639342664238974,60.02
3517,17,High-Vol,D1,PORTFOLIO,1,0.0,0.0,,-1.0035765379113015,0.010035765379112993,0.0,0.5637254901960785,1.2172817044261919,0.4159172650853778,True,hmm-v1.0.0,7fde532c-bae1-4d43-a687-13166858af4d,2026-08-24 10:20:52.898244+00:00,-1.0,5.42
3518,17,Ranging,D1,PORTFOLIO,7,0.7142857142857143,2.1237527535786667,0.7793113279469602,0.32181735667825595,0.012235965989768956,0.8495011014314667,0.7142857142857143,2.1237527535786667,0.7793113279469602,False,hmm-v1.0.0,7fde532c-bae1-4d43-a687-13166858af4d,2026-08-24 10:20:52.898244+00:00,1.8383312806957386,17.41
3519,17,Trending-Up,D1,PORTFOLIO,2,0.5,0.5926114191443208,-0.360554715554966,-0.20394011988768546,0.010012068549360396,0.5926114191443208,0.6260504201680672,1.2127018664065417,0.19406812775956533,True,hmm-v1.0.0,7fde532c-bae1-4d43-a687-13166858af4d,2026-08-24 10:20:52.898244+00:00,-0.4133218470072825,6.04
3520,17,UNKNOWN,D1,PORTFOLIO,24,0.7083333333333334,1.604132184103164,0.4884894412680137,0.1766038723973444,0.026633135258396883,0.6605250169836557,0.7083333333333334,1.604132184103164,0.4884894412680137,False,hmm-v1.0.0,7fde532c-bae1-4d43-a687-13166858af4d,2026-08-24 10:20:52.898244+00:00,1.5959245699290292,60.02
3521,18,High-Vol,H1,PORTFOLIO,153,0.3660130718954248,1.1117858817371316,0.5094772962170393,0.07116135108591858,0.08886788538235399,1.925771973723246,0.3660130718954248,1.1117858817371316,0.5094772962170393,False,hmm-v1.0.0,7fde532c-bae1-4d43-a687-13166858af4d,2026-08-24 10:20:52.898244+00:00,1.103302269790499,17.67
3522,18,Trending-Down,H1,PORTFOLIO,132,0.30303030303030304,0.8275705871439236,-0.7317409420914264,-0.12231002129249721,0.189126887121847,1.9034123504310243,0.30303030303030304,0.8275705871439236,-0.7317409420914264,False,hmm-v1.0.0,7fde532c-bae1-4d43-a687-13166858af4d,2026-08-24 10:20:52.898244+00:00,-0.8431095736140434,23.72
3523,18,Trending-Up,H1,PORTFOLIO,205,0.3463414634146341,1.022674768097608,0.15184167227118628,0.015060259101784525,0.12269272961083565,1.93011857640957,0.3463414634146341,1.022674768097608,0.15184167227118628,False,hmm-v1.0.0,7fde532c-bae1-4d43-a687-13166858af4d,2026-08-24 10:20:52.898244+00:00,0.08530776036432916,11.99
3524,18,UNKNOWN,H1,PORTFOLIO,1318,0.3254931714719272,0.9347114862655915,-0.4949025774381343,-0.04452976379561898,0.5617855292777167,1.9369662267834755,0.3254931714719272,0.9347114862655915,-0.4949025774381343,False,hmm-v1.0.0,7fde532c-bae1-4d43-a687-13166858af4d,2026-08-24 10:20:52.898244+00:00,-0.9083160867778504,66.06
3525,19,High-Vol,D1,PORTFOLIO,2,1.0,,2.505807686121716,0.4836529718050594,0.0,,0.8363095238095238,0.7287882163367324,0.515859944494213,True,hmm-v1.0.0,7fde532c-bae1-4d43-a687-13166858af4d,2026-08-24 10:20:52.898244+00:00,,11.37
3526,19,Ranging,D1,PORTFOLIO,10,0.6,0.47438007129227483,-0.8227580276459482,-0.19611044786452905,0.027975797187612974,0.31625338086151655,0.6,0.47438007129227483,-0.8227580276459482,False,hmm-v1.0.0,7fde532c-bae1-4d43-a687-13166858af4d,2026-08-24 10:20:52.898244+00:00,-0.7043807987435736,11.37
3527,19,Trending-Down,D1,PORTFOLIO,1,1.0,,,0.03168474674205395,0.0,,0.8090277777777778,0.7287882163367324,-0.28011915215678795,True,hmm-v1.0.0,7fde532c-bae1-4d43-a687-13166858af4d,2026-08-24 10:20:52.898244+00:00,,5.42
3528,19,Trending-Up,D1,PORTFOLIO,3,1.0,,1.5489460512834954,0.43503457879703405,0.0,,0.8567708333333334,0.7287882163367324,0.40578029913331826,True,hmm-v1.0.0,7fde532c-bae1-4d43-a687-13166858af4d,2026-08-24 10:20:52.898244+00:00,,11.99
3529,19,UNKNOWN,D1,PORTFOLIO,32,0.78125,0.5365442055790678,-0.5139713500255652,-0.10207266206039632,0.03740447379764659,0.15023237756213897,0.78125,0.5365442055790678,-0.5139713500255652,False,hmm-v1.0.0,7fde532c-bae1-4d43-a687-13166858af4d,2026-08-24 10:20:52.898244+00:00,-0.8697455369965676,60.02
3530,21,High-Vol,H4,PORTFOLIO,10,0.7,2.323319156280323,1.062090196654977,0.3979184885303253,0.020096170280367122,0.9957082098344241,0.7,2.323319156280323,1.062090196654977,False,hmm-v1.0.0,7fde532c-bae1-4d43-a687-13166858af4d,2026-08-24 10:20:52.898244+00:00,1.9942114455618003,18.04
3531,21,Ranging,H4,PORTFOLIO,40,0.625,1.4686773037321386,0.8378029145799925,0.17615556026616233,0.029978645219780803,0.881206382239283,0.625,1.4686773037321386,0.8378029145799925,False,hmm-v1.0.0,7fde532c-bae1-4d43-a687-13166858af4d,2026-08-24 10:20:52.898244+00:00,2.3703989265352394,23.62
3532,21,Trending-Down,H4,PORTFOLIO,3,0.3333333333333333,0.49665059510632786,-0.41726101985176733,-0.3358872691434501,0.019918940384114903,0.9933011902126557,0.44381313131313127,0.8140630453998932,-0.14903529822852613,True,hmm-v1.0.0,7fde532c-bae1-4d43-a687-13166858af4d,2026-08-24 10:20:52.898244+00:00,-0.5107937876020461,17.58
3533,21,UNKNOWN,H4,PORTFOLIO,145,0.4689655172413793,0.8759147759675243,-0.35566648249842936,-0.06606301720911882,0.14809373877871532,0.9918446727867555,0.4689655172413793,0.8759147759675243,-0.35566648249842936,False,hmm-v1.0.0,7fde532c-bae1-4d43-a687-13166858af4d,2026-08-24 10:20:52.898244+00:00,-0.661058206535954,60.02
3534,22,High-Vol,H4,PORTFOLIO,10,0.5,0.8305510750564692,-0.2294325447162497,-0.08545120710057226,0.03172770406200519,0.8305510750564692,0.5,0.8305510750564692,-0.2294325447162497,False,hmm-v1.0.0,7fde532c-bae1-4d43-a687-13166858af4d,2026-08-24 10:20:52.898244+00:00,-0.28162927773039054,17.58
3535,22,Ranging,H4,PORTFOLIO,42,0.47619047619047616,0.7717085530703914,-0.5892883142369002,-0.12047903518082677,0.11169276991347418,0.8488794083774305,0.47619047619047616,0.7717085530703914,-0.5892883142369002,False,hmm-v1.0.0,7fde532c-bae1-4d43-a687-13166858af4d,2026-08-24 10:20:52.898244+00:00,-0.4576020438477911,23.62
3536,22,Trending-Down,H4,PORTFOLIO,1,0.0,0.0,,-1.007082152974519,0.010070821529745144,0.0,0.441712204007286,0.7922297363346759,-0.12859817416121222,True,hmm-v1.0.0,7fde532c-bae1-4d43-a687-13166858af4d,2026-08-24 10:20:52.898244+00:00,-1.0,5.95
3537,22,UNKNOWN,H4,PORTFOLIO,130,0.5538461538461539,1.0452687147456898,0.11190335070551018,0.020357406588688155,0.10299818259856769,0.8420220202118057,0.5538461538461539,1.0452687147456898,0.11190335070551018,False,hmm-v1.0.0,7fde532c-bae1-4d43-a687-13166858af4d,2026-08-24 10:20:52.898244+00:00,0.20513705153529369,60.02
3538,23,High-Vol,D1,PORTFOLIO,3,0.6666666666666666,1.0787329718539698,0.04834624068427813,0.026304850528701868,0.010023062730627363,0.5393664859269849,0.6015625,1.0845489187861266,0.0664034408754586,True,hmm-v1.0.0,7fde532c-bae1-4d43-a687-13166858af4d,2026-08-24 10:20:52.898244+00:00,0.06938719411094676,11.37
3539,23,Ranging,D1,PORTFOLIO,6,0.5,0.774910822043904,-0.18800474778815587,-0.052264411777941576,0.01003244646333561,0.774910822043904,0.5,0.774910822043904,-0.18800474778815587,False,hmm-v1.0.0,7fde532c-bae1-4d43-a687-13166858af4d,2026-08-24 10:20:52.898244+00:00,-0.3201297055164402,17.41
3540,23,Trending-Up,D1,PORTFOLIO,2,0.5,0.8888436962365341,-0.05887339861878082,-0.055699740487906324,0.010021877050973522,0.8888436962365341,0.5446428571428572,1.0311256896000245,0.038348858244753245,True,hmm-v1.0.0,7fde532c-bae1-4d43-a687-13166858af4d,2026-08-24 10:20:52.898244+00:00,-0.12006418600468005,11.99
3541,23,UNKNOWN,D1,PORTFOLIO,21,0.5714285714285714,1.2055923110943945,0.15512397927492236,0.05373318835756954,0.026141969390204883,0.9041942333207958,0.5714285714285714,1.2055923110943945,0.15512397927492236,False,hmm-v1.0.0,7fde532c-bae1-4d43-a687-13166858af4d,2026-08-24 10:20:52.898244+00:00,0.41444562451295974,59.92
3542,24,High-Vol,H4,PORTFOLIO,22,0.5454545454545454,1.0973344915617922,0.1509148872093889,0.04465139782173671,0.051263684872630555,0.9144454096348267,0.5454545454545454,1.0973344915617922,0.1509148872093889,False,hmm-v1.0.0,7fde532c-bae1-4d43-a687-13166858af4d,2026-08-24 10:20:52.898244+00:00,0.17229263108951737,23.62
3543,24,Ranging,H4,PORTFOLIO,68,0.4117647058823529,0.6636128755720314,-1.178159614743642,-0.18783854486842522,0.13939786993512193,0.9480183936743306,0.4117647058823529,0.6636128755720314,-1.178159614743642,False,hmm-v1.0.0,7fde532c-bae1-4d43-a687-13166858af4d,2026-08-24 10:20:52.898244+00:00,-0.8795296647612127,23.62
3544,24,Trending-Down,H4,PORTFOLIO,6,0.5,0.7246757684437891,-0.2503347008358743,-0.13898227836017701,0.017992067234869014,0.7246757684437891,0.5,0.7246757684437891,-0.2503347008358743,False,hmm-v1.0.0,7fde532c-bae1-4d43-a687-13166858af4d,2026-08-24 10:20:52.898244+00:00,-0.4748461263876499,23.62
3545,24,UNKNOWN,H4,PORTFOLIO,256,0.546875,0.928968743573388,-0.2538374831052301,-0.03219142805252109,0.18498010359881953,0.769716958960807,0.546875,0.928968743573388,-0.2538374831052301,False,hmm-v1.0.0,7fde532c-bae1-4d43-a687-13166858af4d,2026-08-24 10:20:52.898244+00:00,-0.4797470779221079,60.02
3546,25,Ranging,D1,PORTFOLIO,6,0.3333333333333333,0.2163258211401082,-1.2430244373726438,-0.8429553602699776,0.05986161440549816,0.4326516422802164,0.3333333333333333,0.2163258211401082,-1.2430244373726438,False,hmm-v1.0.0,7fde532c-bae1-4d43-a687-13166858af4d,2026-08-24 10:20:52.898244+00:00,-0.8391648341085572,11.37
3547,25,Trending-Up,D1,PORTFOLIO,1,0.0,0.0,,-1.2126664305273318,0.012126664305273316,0.0,0.19607843137254902,0.3410262273576832,-0.7162228680885697,True,hmm-v1.0.0,7fde532c-bae1-4d43-a687-13166858af4d,2026-08-24 10:20:52.898244+00:00,-1.0,5.95
3548,25,UNKNOWN,D1,PORTFOLIO,10,0.2,0.5665820146701822,-0.407557109089571,-0.47962265370133694,0.0874263884762204,2.266328058680729,0.2,0.5665820146701822,-0.407557109089571,False,hmm-v1.0.0,7fde532c-bae1-4d43-a687-13166858af4d,2026-08-24 10:20:52.898244+00:00,-0.5595980822297448,35.91
3549,26,High-Vol,D1,PORTFOLIO,31,0.4838709677419355,0.2490481422345537,-2.1385128763115633,-0.3500784328257961,0.10516298522623177,0.2656513517168573,0.4838709677419355,0.2490481422345537,-2.1385128763115633,False,hmm-v1.0.0,7fde532c-bae1-4d43-a687-13166858af4d,2026-08-24 10:20:52.898244+00:00,-0.9850539654859931,23.36
3550,26,Ranging,D1,PORTFOLIO,53,0.49056603773584906,0.8909315706382259,-0.2045290154825569,-0.04882376682438364,0.10130911265336567,0.925198169508927,0.49056603773584906,0.8909315706382259,-0.2045290154825569,False,hmm-v1.0.0,7fde532c-bae1-4d43-a687-13166858af4d,2026-08-24 10:20:52.898244+00:00,-0.3025898509990899,17.41
3551,26,Trending-Down,D1,PORTFOLIO,9,0.3333333333333333,0.19036794064131868,-1.7072014588144593,-0.46926091716088014,0.041630266471135546,0.3807358812826373,0.3333333333333333,0.19036794064131868,-1.7072014588144593,False,hmm-v1.0.0,7fde532c-bae1-4d43-a687-13166858af4d,2026-08-24 10:20:52.898244+00:00,-1.0,17.41
3552,26,Trending-Up,D1,PORTFOLIO,47,0.44680851063829785,0.5342178374780339,-1.3690583206152387,-0.22240683637427427,0.14030484186387476,0.6614125606870894,0.44680851063829785,0.5342178374780339,-1.3690583206152387,False,hmm-v1.0.0,7fde532c-bae1-4d43-a687-13166858af4d,2026-08-24 10:20:52.898244+00:00,-0.7203715249777068,17.94
3553,26,UNKNOWN,D1,PORTFOLIO,320,0.4625,0.8347266284817281,-0.3974293030721276,-0.08128694601390907,0.29246335656944233,0.970087703370657,0.4625,0.8347266284817281,-0.3974293030721276,False,hmm-v1.0.0,7fde532c-bae1-4d43-a687-13166858af4d,2026-08-24 10:20:52.898244+00:00,-0.8797266957783687,65.97
3554,27,High-Vol,D1,PORTFOLIO,1,1.0,,,0.6329787234042832,0.0,,0.5833333333333334,0.32692358144001393,-0.5179043961160106,True,hmm-v1.0.0,7fde532c-bae1-4d43-a687-13166858af4d,2026-08-24 10:20:52.898244+00:00,,5.42
3555,27,UNKNOWN,D1,PORTFOLIO,5,0.4,0.2526555705658251,-0.6477798528689956,-1.2739081532368106,0.08373246740174459,0.3789833558487377,0.4,0.2526555705658251,-0.6477798528689956,False,hmm-v1.0.0,7fde532c-bae1-4d43-a687-13166858af4d,2026-08-24 10:20:52.898244+00:00,-0.7640560606526121,24.01
3556,28,High-Vol,H4,PORTFOLIO,12,0.75,2.1146347612075633,0.8780498964714163,0.14006527235299293,0.008895319577252305,0.7048782537358543,0.75,2.1146347612075633,0.8780498964714163,False,hmm-v1.0.0,7fde532c-bae1-4d43-a687-13166858af4d,2026-08-24 10:20:52.898244+00:00,1.891030732115086,17.58
3557,28,Ranging,H4,PORTFOLIO,67,0.4925373134328358,0.5726434386412612,-1.4557639663355268,-0.1637119685726871,0.10959651325784421,0.5899962701152388,0.4925373134328358,0.5726434386412612,-1.4557639663355268,False,hmm-v1.0.0,7fde532c-bae1-4d43-a687-13166858af4d,2026-08-24 10:20:52.898244+00:00,-0.9602670124088138,23.62
3558,28,Trending-Down,H4,PORTFOLIO,2,1.0,,2.429909429200906,0.3318582330265192,0.0,,0.6853146853146853,0.865650634341126,0.40114964999127717,True,hmm-v1.0.0,7fde532c-bae1-4d43-a687-13166858af4d,2026-08-24 10:20:52.898244+00:00,,5.58
3559,28,UNKNOWN,H4,PORTFOLIO,205,0.5658536585365853,0.9331661448202266,-0.19775166925555926,-0.024015305373089126,0.10477912885852594,0.7159636800775877,0.5658536585365853,0.9331661448202266,-0.19775166925555926,False,hmm-v1.0.0,7fde532c-bae1-4d43-a687-13166858af4d,2026-08-24 10:20:52.898244+00:00,-0.5143674238822764,60.02
3560,29,High-Vol,D1,PORTFOLIO,15,0.4,0.6143694870700823,-0.5786221272507863,-0.15698386360927,0.04267353660490028,0.9215542306051235,0.4,0.6143694870700823,-0.5786221272507863,False,hmm-v1.0.0,7fde532c-bae1-4d43-a687-13166858af4d,2026-08-24 10:20:52.898244+00:00,-0.5548867323877399,23.36
3561,29,Ranging,D1,PORTFOLIO,44,0.45454545454545453,1.1425909851440441,0.24746521426807452,0.04716170419916126,0.056354257593037665,1.371109182172853,0.45454545454545453,1.1425909851440441,0.24746521426807452,False,hmm-v1.0.0,7fde532c-bae1-4d43-a687-13166858af4d,2026-08-24 10:20:52.898244+00:00,0.3297451553563659,17.41
3562,29,Trending-Down,D1,PORTFOLIO,5,0.4,0.660801547714542,-0.25582084738048394,-0.17232483010936753,0.02455566503542512,0.991202321571813,0.4,0.660801547714542,-0.25582084738048394,False,hmm-v1.0.0,7fde532c-bae1-4d43-a687-13166858af4d,2026-08-24 10:20:52.898244+00:00,-0.35905900164186916,23.36
3563,29,Trending-Up,D1,PORTFOLIO,30,0.3,0.5401567986173226,-1.160180783141576,-0.22140112307420956,0.08958232088649831,1.2603658634404196,0.3,0.5401567986173226,-1.160180783141576,False,hmm-v1.0.0,7fde532c-bae1-4d43-a687-13166858af4d,2026-08-24 10:20:52.898244+00:00,-0.729189394610112,17.94
3564,29,UNKNOWN,D1,PORTFOLIO,266,0.36466165413533835,0.8876400575605834,-0.31713200055707047,-0.045749228226173916,0.18488586745051724,1.5465069044096762,0.36466165413533835,0.8876400575605834,-0.31713200055707047,False,hmm-v1.0.0,7fde532c-bae1-4d43-a687-13166858af4d,2026-08-24 10:20:52.898244+00:00,-0.6825480911218117,65.97
3565,30,High-Vol,H4,PORTFOLIO,39,0.717948717948718,0.853140945997404,-0.1600571683912974,-0.011759524573951888,0.020437837583456527,0.33516251449898016,0.717948717948718,0.853140945997404,-0.1600571683912974,False,hmm-v1.0.0,7fde532c-bae1-4d43-a687-13166858af4d,2026-08-24 10:20:52.898244+00:00,-0.23383446749830153,23.62
3566,30,Ranging,H4,PORTFOLIO,151,0.6026490066225165,0.3476535951266173,-1.9168813360945327,-0.0707599471436774,0.10601729945243707,0.2292221506329345,0.6026490066225165,0.3476535951266173,-1.9168813360945327,False,hmm-v1.0.0,7fde532c-bae1-4d43-a687-13166858af4d,2026-08-24 10:20:52.898244+00:00,-0.962863523750499,23.62
3567,30,Trending-Down,H4,PORTFOLIO,13,0.6923076923076923,8.277174263231919,1.742100681023627,0.031729233706393196,0.000524368232961287,3.678744116991964,0.6923076923076923,8.277174263231919,1.742100681023627,False,hmm-v1.0.0,7fde532c-bae1-4d43-a687-13166858af4d,2026-08-24 10:20:52.898244+00:00,7.878705940807373,23.62
3568,30,UNKNOWN,H4,PORTFOLIO,532,0.6466165413533834,0.5248423674181115,-1.5456109052149793,-0.051302472924388415,0.25398357189092396,0.28225534294287974,0.6466165413533834,0.5248423674181115,-1.5456109052149793,False,hmm-v1.0.0,7fde532c-bae1-4d43-a687-13166858af4d,2026-08-24 10:20:52.898244+00:00,-0.9500005574842295,60.02
3569,31,High-Vol,H4,PORTFOLIO,3,0.0,0.0,-10.0,-1.0205275607430455,0.030304451137979194,0.0,0.04807692307692308,0.08231712457893176,-4.803993135584171,True,hmm-v1.0.0,7fde532c-bae1-4d43-a687-13166858af4d,2026-08-24 10:20:52.898244+00:00,-1.0,17.58
3570,31,Ranging,H4,PORTFOLIO,5,0.2,0.5280864427436169,-0.5010882625948581,-0.38639634882851104,0.030454174594116812,2.1123457709744677,0.2,0.5280864427436169,-0.5010882625948581,False,hmm-v1.0.0,7fde532c-bae1-4d43-a687-13166858af4d,2026-08-24 10:20:52.898244+00:00,-0.6425122203795671,17.58
3571,31,UNKNOWN,H4,PORTFOLIO,31,0.06451612903225806,0.10099008895431763,-1.801166517265002,-1.1513488604246427,0.304741880548799,1.4643562898376057,0.06451612903225806,0.10099008895431763,-1.801166517265002,False,hmm-v1.0.0,7fde532c-bae1-4d43-a687-13166858af4d,2026-08-24 10:20:52.898244+00:00,-1.0,53.98
3572,32,High-Vol,D1,PORTFOLIO,5,0.0,0.0,-10.0,-1.0139719724841219,0.049680842072377884,0.0,0.0,0.0,-10.0,False,hmm-v1.0.0,7fde532c-bae1-4d43-a687-13166858af4d,2026-08-24 10:20:52.898244+00:00,-1.0,17.41
3573,32,Ranging,D1,PORTFOLIO,17,0.29411764705882354,0.7295081359839971,-0.47433793822904785,-0.19404939217642017,0.07165176153581332,1.750819526361593,0.29411764705882354,0.7295081359839971,-0.47433793822904785,False,hmm-v1.0.0,7fde532c-bae1-4d43-a687-13166858af4d,2026-08-24 10:20:52.898244+00:00,-0.47434360241116674,17.41
3574,32,Trending-Up,D1,PORTFOLIO,10,0.3,0.7066549799361593,-0.39059227004051533,-0.20770333341719532,0.04302419006335137,1.6488616198510386,0.3,0.7066549799361593,-0.39059227004051533,False,hmm-v1.0.0,7fde532c-bae1-4d43-a687-13166858af4d,2026-08-24 10:20:52.898244+00:00,-0.4975265580111873,17.94
3575,32,UNKNOWN,D1,PORTFOLIO,66,0.3787878787878788,1.1984373895338527,0.2940739955808396,0.12445672917255826,0.08729158434240163,1.9654373188355183,0.3787878787878788,1.1984373895338527,0.2940739955808396,False,hmm-v1.0.0,7fde532c-bae1-4d43-a687-13166858af4d,2026-08-24 10:20:52.898244+00:00,0.8941175100884531,65.97
3576,33,High-Vol,D1,PORTFOLIO,5,0.2,0.5757832595064204,-0.41584493847274884,-0.30340294430644993,0.035290784052741,2.3031330380256816,0.2,0.5757832595064204,-0.41584493847274884,False,hmm-v1.0.0,7fde532c-bae1-4d43-a687-13166858af4d,2026-08-24 10:20:52.898244+00:00,-0.4371454945928369,17.94
3577,33,Ranging,D1,PORTFOLIO,9,0.3333333333333333,0.6652651738765305,-0.5801840786663061,-0.22664880743505,0.04020053276670627,1.330530347753061,0.3333333333333333,0.6652651738765305,-0.5801840786663061,False,hmm-v1.0.0,7fde532c-bae1-4d43-a687-13166858af4d,2026-08-24 10:20:52.898244+00:00,-0.5169681156948692,11.37
3578,33,Trending-Up,D1,PORTFOLIO,5,0.2,0.689175223956103,-0.45527592948898604,-0.18183703825687667,0.028946273558569602,2.756700895824412,0.2,0.689175223956103,-0.45527592948898604,False,hmm-v1.0.0,7fde532c-bae1-4d43-a687-13166858af4d,2026-08-24 10:20:52.898244+00:00,-0.3237348973130258,6.04
3579,33,UNKNOWN,D1,PORTFOLIO,50,0.4,1.4471763132869524,0.5341246146062282,0.21499332896207282,0.06368946404378623,2.1707644699304285,0.4,1.4471763132869524,0.5341246146062282,False,hmm-v1.0.0,7fde532c-bae1-4d43-a687-13166858af4d,2026-08-24 10:20:52.898244+00:00,1.7037305505791858,54.07
3580,34,High-Vol,H4,PORTFOLIO,20,0.75,13.581255898616424,2.9154126853593825,0.02236687180883518,0.0001929099454298068,4.5270852995388084,0.75,13.581255898616424,2.9154126853593825,False,hmm-v1.0.0,7fde532c-bae1-4d43-a687-13166858af4d,2026-08-24 10:20:52.898244+00:00,23.23429246749657,17.58
3581,34,Ranging,H4,PORTFOLIO,96,0.6041666666666666,1.1758193339779055,0.23056799628279448,0.00801523158910962,0.026138068512567156,0.7500916440893535,0.6041666666666666,1.1758193339779055,0.23056799628279448,False,hmm-v1.0.0,7fde532c-bae1-4d43-a687-13166858af4d,2026-08-24 10:20:52.898244+00:00,0.2846980038346844,23.62
3582,34,Trending-Down,H4,PORTFOLIO,1,0.0,0.0,,-0.0013480722566717373,1.3480722566683312e-05,0.0,0.5801209372637944,0.8473204428146741,0.02965591315190652,True,hmm-v1.0.0,7fde532c-bae1-4d43-a687-13166858af4d,2026-08-24 10:20:52.898244+00:00,-1.0,6.04
3583,34,UNKNOWN,H4,PORTFOLIO,324,0.7222222222222222,0.969031323985384,-0.05922772593440867,-0.0022845660473796593,0.06205247022197661,0.3727043553789939,0.7222222222222222,0.969031323985384,-0.05922772593440867,False,hmm-v1.0.0,7fde532c-bae1-4d43-a687-13166858af4d,2026-08-24 10:20:52.898244+00:00,-0.14382957434954535,60.02
3584,35,High-Vol,H4,PORTFOLIO,18,0.5,1.9595551177361155,0.9497483059520911,0.4951362783907668,0.04171260588189383,1.9595551177361155,0.5,1.9595551177361155,0.9497483059520911,False,hmm-v1.0.0,7fde532c-bae1-4d43-a687-13166858af4d,2026-08-24 10:20:52.898244+00:00,2.174222477430915,23.62
3585,35,Ranging,H4,PORTFOLIO,43,0.3953488372093023,1.2728850364976305,0.5289305904206281,0.1670361488916618,0.06846780822227087,1.9467653499375526,0.3953488372093023,1.2728850364976305,0.5289305904206281,False,hmm-v1.0.0,7fde532c-bae1-4d43-a687-13166858af4d,2026-08-24 10:20:52.898244+00:00,1.015588263210031,23.62
3586,35,Trending-Down,H4,PORTFOLIO,7,0.0,0.0,-10.0,-1.0135318085872462,0.06882616503494632,0.0,0.0,0.0,-10.0,False,hmm-v1.0.0,7fde532c-bae1-4d43-a687-13166858af4d,2026-08-24 10:20:52.898244+00:00,-1.0,11.63
3587,35,UNKNOWN,H4,PORTFOLIO,163,0.294478527607362,0.8156775408859134,-0.5493174227174228,-0.13142171599674313,0.23076538745669953,1.954227441705834,0.294478527607362,0.8156775408859134,-0.5493174227174228,False,hmm-v1.0.0,7fde532c-bae1-4d43-a687-13166858af4d,2026-08-24 10:20:52.898244+00:00,-0.8882519512884205,60.02
3588,36,High-Vol,D1,PORTFOLIO,6,0.5,2.071042862734301,0.6489514292472622,0.5377193954853969,0.01998354928427899,2.071042862734301,0.5,2.071042862734301,0.6489514292472622,False,hmm-v1.0.0,7fde532c-bae1-4d43-a687-13166858af4d,2026-08-24 10:20:52.898244+00:00,1.5998546072432014,17.31
3589,36,Ranging,D1,PORTFOLIO,13,0.38461538461538464,1.2193056616844402,0.270239908845589,0.13569536020786116,0.031077823831531324,1.9508890586951044,0.38461538461538464,1.2193056616844402,0.270239908845589,False,hmm-v1.0.0,7fde532c-bae1-4d43-a687-13166858af4d,2026-08-24 10:20:52.898244+00:00,0.5282189808574994,17.41
3590,36,Trending-Down,D1,PORTFOLIO,1,1.0,,,1.8327434581468378,0.0,,0.5394736842105263,1.608260565176306,0.9118836816033281,True,hmm-v1.0.0,7fde532c-bae1-4d43-a687-13166858af4d,2026-08-24 10:20:52.898244+00:00,,6.04
3591,36,Trending-Up,D1,PORTFOLIO,12,0.5,1.9853912126199493,0.8952431082188935,0.49456235866462833,0.03953992734235233,1.9853912126199496,0.5,1.9853912126199493,0.8952431082188935,False,hmm-v1.0.0,7fde532c-bae1-4d43-a687-13166858af4d,2026-08-24 10:20:52.898244+00:00,1.5066811947038303,17.94
3592,36,UNKNOWN,D1,PORTFOLIO,82,0.43902439024390244,1.5569622266350216,0.8074520054694786,0.3137353952101896,0.10582840395767934,1.9894517340336386,0.43902439024390244,1.5569622266350216,0.8074520054694786,False,hmm-v1.0.0,7fde532c-bae1-4d43-a687-13166858af4d,2026-08-24 10:20:52.898244+00:00,2.6573948720595086,65.97
3593,38,High-Vol,H4,PORTFOLIO,114,0.6403508771929824,0.8639038040174026,-0.520108058940115,-0.04933680809105098,0.09607828479901628,0.4852062460919659,0.6403508771929824,0.8639038040174026,-0.520108058940115,False,hmm-v1.0.0,7fde532c-bae1-4d43-a687-13166858af4d,2026-08-24 10:20:52.898244+00:00,-0.5984138441071136,23.62
3594,38,Ranging,H4,PORTFOLIO,196,0.673469387755102,1.0181325516765332,0.08368899621585338,0.0058807970821291,0.07972534832343552,0.49364002505528876,0.673469387755102,1.0181325516765332,0.08368899621585338,False,hmm-v1.0.0,7fde532c-bae1-4d43-a687-13166858af4d,2026-08-24 10:20:52.898244+00:00,0.08451736176285359,23.62
3595,38,Trending-Down,H4,PORTFOLIO,23,0.6956521739130435,1.1244780767794456,0.18440777401839062,0.038025783764550396,0.029665545807085025,0.4919591585910074,0.6956521739130435,1.1244780767794456,0.18440777401839062,False,hmm-v1.0.0,7fde532c-bae1-4d43-a687-13166858af4d,2026-08-24 10:20:52.898244+00:00,0.2774153185695042,23.62
3596,38,UNKNOWN,H4,PORTFOLIO,957,0.6238244514106583,0.8137764625945256,-1.2776204756642013,-0.07037714925479267,0.565604881576699,0.49071947493137213,0.6238244514106583,0.8137764625945256,-1.2776204756642013,False,hmm-v1.0.0,7fde532c-bae1-4d43-a687-13166858af4d,2026-08-24 10:20:52.898244+00:00,-0.8892200261205949,66.06
3597,39,High-Vol,D1,PORTFOLIO,2,0.0,0.0,-3.169707862368635,-1.5039806281819879,0.029877177904318653,0.0,0.08620689655172414,0.35897013576422,-1.3755822199802639,True,hmm-v1.0.0,7fde532c-bae1-4d43-a687-13166858af4d,2026-08-24 10:20:52.898244+00:00,-1.0,11.37
3598,39,Ranging,D1,PORTFOLIO,7,0.42857142857142855,1.956968967910102,0.608297069893231,0.7301728565284586,0.03753069897613423,2.6092919572134696,0.42857142857142855,1.956968967910102,0.608297069893231,False,hmm-v1.0.0,7fde532c-bae1-4d43-a687-13166858af4d,2026-08-24 10:20:52.898244+00:00,1.3348266894159158,17.41
3599,39,Trending-Up,D1,PORTFOLIO,6,0.0,0.0,-3.782812360427122,-1.603102990483001,0.09258228104945954,0.0,0.0,0.0,-3.782812360427122,False,hmm-v1.0.0,7fde532c-bae1-4d43-a687-13166858af4d,2026-08-24 10:20:52.898244+00:00,-1.0,17.94
3600,39,UNKNOWN,D1,PORTFOLIO,43,0.09302325581395349,0.4765446754585144,-0.6659871788842925,-0.6656671058347836,0.33901061209065986,4.646310585720515,0.09302325581395349,0.4765446754585144,-0.6659871788842925,False,hmm-v1.0.0,7fde532c-bae1-4d43-a687-13166858af4d,2026-08-24 10:20:52.898244+00:00,-0.7742343474376441,60.02
3601,40,High-Vol,H4,PORTFOLIO,2,0.5,0.3195917987894873,-0.5136974436494501,-0.34244375893709295,0.010065832784726947,0.3195917987894873,0.653061224489796,0.5284793766745772,-0.37459078400763157,True,hmm-v1.0.0,7fde532c-bae1-4d43-a687-13166858af4d,2026-08-24 10:20:52.898244+00:00,-0.6836251588165003,12.09
3602,40,Ranging,H4,PORTFOLIO,3,0.6666666666666666,0.36590179860373884,-0.5284314132575118,-0.21537680844389961,0.0101897533206835,0.18295089930186942,0.6964285714285714,0.5197346793692853,-0.397504355065882,True,hmm-v1.0.0,7fde532c-bae1-4d43-a687-13166858af4d,2026-08-24 10:20:52.898244+00:00,-0.6378226866099049,11.53
3603,40,Trending-Down,H4,PORTFOLIO,1,1.0,,,0.2665094339622678,0.0,,0.7619047619047619,0.6120344078286133,-0.3189481201509042,True,hmm-v1.0.0,7fde532c-bae1-4d43-a687-13166858af4d,2026-08-24 10:20:52.898244+00:00,,5.95
3604,40,UNKNOWN,H4,PORTFOLIO,8,0.75,0.7823089624969437,-0.15338137043997244,-0.04453256624554822,0.010144092219020079,0.2607696541656479,0.75,0.7823089624969437,-0.15338137043997244,False,hmm-v1.0.0,7fde532c-bae1-4d43-a687-13166858af4d,2026-08-24 10:20:52.898244+00:00,-0.3599740258895811,29.96
3605,41,High-Vol,H4,PORTFOLIO,38,0.4473684210526316,0.9953614104783796,-0.010024141377150181,-0.0025869330123871105,0.06698897402446687,1.2295640952968219,0.4473684210526316,0.9953614104783796,-0.010024141377150181,False,hmm-v1.0.0,7fde532c-bae1-4d43-a687-13166858af4d,2026-08-24 10:20:52.898244+00:00,-0.05004719139195027,23.62
3606,41,Ranging,H4,PORTFOLIO,106,0.41509433962264153,0.8384481299560631,-0.6356358684521447,-0.09432279462005001,0.18006287427360834,1.1814496376653616,0.41509433962264153,0.8384481299560631,-0.6356358684521447,False,hmm-v1.0.0,7fde532c-bae1-4d43-a687-13166858af4d,2026-08-24 10:20:52.898244+00:00,-0.5598050416428557,23.62
3607,41,Trending-Down,H4,PORTFOLIO,17,0.47058823529411764,1.1997266143159457,0.25464907934886166,0.09832318452225876,0.03370953144993478,1.349692441105439,0.47058823529411764,1.1997266143159457,0.25464907934886166,False,hmm-v1.0.0,7fde532c-bae1-4d43-a687-13166858af4d,2026-08-24 10:20:52.898244+00:00,0.4687911414958058,23.62
3608,41,UNKNOWN,H4,PORTFOLIO,381,0.47506561679790027,1.1120105380173004,0.4604242358025859,0.05910136631527537,0.1866124030609566,1.2287409259859674,0.47506561679790027,1.1120105380173004,0.4604242358025859,False,hmm-v1.0.0,7fde532c-bae1-4d43-a687-13166858af4d,2026-08-24 10:20:52.898244+00:00,1.1949892931945734,60.02
3609,43,High-Vol,H4,PORTFOLIO,1,1.0,,,1.99334844138457,0.0,,0.5480225988700566,1.559517036062601,0.5971728193441415,True,hmm-v1.0.0,7fde532c-bae1-4d43-a687-13166858af4d,2026-08-24 10:20:52.898244+00:00,,6.04
3610,43,Ranging,H4,PORTFOLIO,17,0.35294117647058826,0.634286817189555,-0.577101876271045,-0.21308131111144885,0.038795906743831106,1.1628591648475177,0.35294117647058826,0.634286817189555,-0.577101876271045,False,hmm-v1.0.0,7fde532c-bae1-4d43-a687-13166858af4d,2026-08-24 10:20:52.898244+00:00,-0.9412950927794491,23.62
3611,43,Trending-Down,H4,PORTFOLIO,1,1.0,,,1.993469414643312,0.0,,0.5480225988700566,1.559517036062601,0.5971728193441415,True,hmm-v1.0.0,7fde532c-bae1-4d43-a687-13166858af4d,2026-08-24 10:20:52.898244+00:00,,5.95
3612,43,UNKNOWN,H4,PORTFOLIO,40,0.475,1.871864467684101,0.8376321966665192,0.3613075624463918,0.03346194197951766,2.0689028327034795,0.475,1.871864467684101,0.8376321966665192,False,hmm-v1.0.0,7fde532c-bae1-4d43-a687-13166858af4d,2026-08-24 10:20:52.898244+00:00,4.527654471189623,54.07
3613,44,High-Vol,D1,PORTFOLIO,14,0.14285714285714285,0.3936668172989422,-1.0192092383543476,-0.4473396776922911,0.09859529240101392,2.3620009037936534,0.14285714285714285,0.3936668172989422,-1.0192092383543476,False,hmm-v1.0.0,7fde532c-bae1-4d43-a687-13166858af4d,2026-08-24 10:20:52.898244+00:00,-0.6255605901928051,23.36
3614,44,Ranging,D1,PORTFOLIO,25,0.08,0.12525387826626497,-4.532475218278395,-0.7916147133685889,0.18071300151986436,1.440419600062047,0.08,0.12525387826626497,-4.532475218278395,False,hmm-v1.0.0,7fde532c-bae1-4d43-a687-13166858af4d,2026-08-24 10:20:52.898244+00:00,-1.0,17.41
3615,44,Trending-Down,D1,PORTFOLIO,6,0.0,0.0,-10.0,-1.0016130920804291,0.05861188898533454,0.0,0.0,0.0,-10.0,False,hmm-v1.0.0,7fde532c-bae1-4d43-a687-13166858af4d,2026-08-24 10:20:52.898244+00:00,-1.0,11.99
3616,44,Trending-Up,D1,PORTFOLIO,16,0.0,0.0,-10.0,-1.003846899660778,0.1490714470317348,0.0,0.0,0.0,-10.0,False,hmm-v1.0.0,7fde532c-bae1-4d43-a687-13166858af4d,2026-08-24 10:20:52.898244+00:00,-1.0,17.94
3617,44,UNKNOWN,D1,PORTFOLIO,155,0.16129032258064516,0.4651359501808171,-1.438441427920379,-0.4223983402546459,0.49048099935454204,2.418706940940249,0.16129032258064516,0.4651359501808171,-1.438441427920379,False,hmm-v1.0.0,7fde532c-bae1-4d43-a687-13166858af4d,2026-08-24 10:20:52.898244+00:00,-1.0,65.97
3618,46,High-Vol,H4,PORTFOLIO,1,0.0,0.0,,-0.010945273631861716,0.00010945273631857155,0.0,0.15027322404371585,0.3039916519598199,-0.9738318671361724,True,hmm-v1.0.0,7fde532c-bae1-4d43-a687-13166858af4d,2026-08-24 10:20:52.898244+00:00,-1.0,6.04
3619,46,Ranging,H4,PORTFOLIO,7,0.2857142857142857,1.52129507761507,0.32898406756883497,0.3004113021044818,0.03973231622741334,3.8032376940376755,0.2857142857142857,1.52129507761507,0.32898406756883497,False,hmm-v1.0.0,7fde532c-bae1-4d43-a687-13166858af4d,2026-08-24 10:20:52.898244+00:00,0.504660702612052,18.04
3620,46,UNKNOWN,H4,PORTFOLIO,53,0.16981132075471697,0.3026669138414951,-1.2189372842812378,-0.9872289726395914,0.43624088840759506,1.479704912113976,0.16981132075471697,0.3026669138414951,-1.2189372842812378,False,hmm-v1.0.0,7fde532c-bae1-4d43-a687-13166858af4d,2026-08-24 10:20:52.898244+00:00,-0.9659872689662623,53.98
3621,48,High-Vol,D1,PORTFOLIO,23,0.2608695652173913,0.42922575414279235,-1.1882550175124107,-0.40979630398788297,0.10017976413568289,1.2161396367379118,0.2608695652173913,0.42922575414279235,-1.1882550175124107,False,hmm-v1.0.0,7fde532c-bae1-4d43-a687-13166858af4d,2026-08-24 10:20:52.898244+00:00,-0.9135422885586875,23.36
3622,48,Ranging,D1,PORTFOLIO,42,0.42857142857142855,1.0608354511404468,0.1281434877180478,0.029885768920316375,0.09642739970532427,1.4144472681872622,0.42857142857142855,1.0608354511404468,0.1281434877180478,False,hmm-v1.0.0,7fde532c-bae1-4d43-a687-13166858af4d,2026-08-24 10:20:52.898244+00:00,0.09742841805953031,17.41
3623,48,Trending-Down,D1,PORTFOLIO,8,0.375,0.2988551123590548,-1.1925513735374385,-0.371431668195063,0.033025516043688606,0.49809185393175803,0.375,0.2988551123590548,-1.1925513735374385,False,hmm-v1.0.0,7fde532c-bae1-4d43-a687-13166858af4d,2026-08-24 10:20:52.898244+00:00,-0.8935063387702988,17.94
3624,48,Trending-Up,D1,PORTFOLIO,23,0.391304347826087,0.7723148605935962,-0.40438346715876383,-0.13394199338449778,0.06197764256343363,1.2013786720344832,0.391304347826087,0.7723148605935962,-0.40438346715876383,False,hmm-v1.0.0,7fde532c-bae1-4d43-a687-13166858af4d,2026-08-24 10:20:52.898244+00:00,-0.5185899481002718,17.94
3625,48,UNKNOWN,D1,PORTFOLIO,254,0.4094488188976378,0.8409900683682628,-0.4522311311015538,-0.08732102888299394,0.3043119691533478,1.2129664447619175,0.4094488188976378,0.8409900683682628,-0.4522311311015538,False,hmm-v1.0.0,7fde532c-bae1-4d43-a687-13166858af4d,2026-08-24 10:20:52.898244+00:00,-0.7097308858202084,65.97
3626,49,High-Vol,H4,PORTFOLIO,125,0.12,0.22452026722155044,-5.654660969247775,-0.7837719243862348,0.6585329607513012,1.6464819596247033,0.12,0.22452026722155044,-5.654660969247775,False,hmm-v1.0.0,7fde532c-bae1-4d43-a687-13166858af4d,2026-08-24 10:20:52.898244+00:00,-0.9548834098881448,23.62
3627,49,Ranging,H4,PORTFOLIO,335,0.1701492537313433,0.6223971657291371,-1.9272563678968953,-0.34719560135287153,0.8239085529113465,3.0355510889947386,0.1701492537313433,0.6223971657291371,-1.9272563678968953,False,hmm-v1.0.0,7fde532c-bae1-4d43-a687-13166858af4d,2026-08-24 10:20:52.898244+00:00,-0.8666815845800675,23.62
3628,49,Trending-Down,H4,PORTFOLIO,35,0.14285714285714285,0.38404203520439373,-1.6426322534251458,-0.6005668218431373,0.23857811585805835,2.3042522112263626,0.14285714285714285,0.38404203520439373,-1.6426322534251458,False,hmm-v1.0.0,7fde532c-bae1-4d43-a687-13166858af4d,2026-08-24 10:20:52.898244+00:00,-0.8101678973267591,23.62
3629,49,UNKNOWN,H4,PORTFOLIO,1414,0.18175388967468176,0.46063536087738954,-4.848984815698634,-0.49066153305639526,0.999446487866635,2.0737553016931503,0.18175388967468176,0.46063536087738954,-4.848984815698634,False,hmm-v1.0.0,7fde532c-bae1-4d43-a687-13166858af4d,2026-08-24 10:20:52.898244+00:00,-0.9997572719154265,66.06
3630,50,High-Vol,D1,PORTFOLIO,4,0.5,4.59994376596093,1.0511626342839226,1.0843546611279886,0.012028396170823137,4.59994376596093,0.3937908496732026,2.496802343201781,0.2600627400200095,True,hmm-v1.0.0,7fde532c-bae1-4d43-a687-13166858af4d,2026-08-24 10:20:52.898244+00:00,3.6108877331708418,11.99
3631,50,Ranging,D1,PORTFOLIO,26,0.23076923076923078,0.5480637844153574,-0.9512819993823335,-0.30900469990314494,0.09767661834992813,1.826879281384525,0.23076923076923078,0.5480637844153574,-0.9512819993823335,False,hmm-v1.0.0,7fde532c-bae1-4d43-a687-13166858af4d,2026-08-24 10:20:52.898244+00:00,-0.8134458467017879,17.41
3632,50,Trending-Down,D1,PORTFOLIO,2,0.5,0.3897708812932358,-0.4491161096669728,-0.3059881442374791,0.01002863137327656,0.3897708812932358,0.36344537815126055,0.6929982553655406,-0.3946168708985072,True,hmm-v1.0.0,7fde532c-bae1-4d43-a687-13166858af4d,2026-08-24 10:20:52.898244+00:00,-0.6141379871952795,11.47
3633,50,Trending-Up,D1,PORTFOLIO,8,0.25,0.5977086762128643,-0.563223168699671,-0.28841791965188224,0.03654259403678484,1.7931260286385926,0.25,0.5977086762128643,-0.563223168699671,False,hmm-v1.0.0,7fde532c-bae1-4d43-a687-13166858af4d,2026-08-24 10:20:52.898244+00:00,-0.6445010399263653,11.99
3634,50,UNKNOWN,D1,PORTFOLIO,96,0.3229166666666667,0.8475637332746391,-0.3063025878808532,-0.08778087086763031,0.17537142035740916,1.7771497633177917,0.3229166666666667,0.8475637332746391,-0.3063025878808532,False,hmm-v1.0.0,7fde532c-bae1-4d43-a687-13166858af4d,2026-08-24 10:20:52.898244+00:00,-0.4997830531392817,60.02
3635,52,High-Vol,D1,PORTFOLIO,6,0.3333333333333333,1.292616028401823,0.18898890579710026,0.14792825572308818,0.030127890004548075,1.292616028401823,0.3333333333333333,1.292616028401823,0.18898890579710026,False,hmm-v1.0.0,7fde532c-bae1-4d43-a687-13166858af4d,2026-08-24 10:20:52.898244+00:00,0.27454679091643114,17.41
3636,52,Ranging,D1,PORTFOLIO,17,0.23529411764705882,0.4820864995663562,-0.8329639579395763,-0.49554962147484255,0.10092224679773265,1.0846946240243016,0.23529411764705882,0.4820864995663562,-0.8329639579395763,False,hmm-v1.0.0,7fde532c-bae1-4d43-a687-13166858af4d,2026-08-24 10:20:52.898244+00:00,-0.8334038574135936,17.41
3637,52,Trending-Down,D1,PORTFOLIO,3,0.0,0.0,-2.819002001647747,-0.6714043235782361,0.020040704413375354,0.0,0.20689655172413793,0.37359524005022016,-1.56963049698978,True,hmm-v1.0.0,7fde532c-bae1-4d43-a687-13166858af4d,2026-08-24 10:20:52.898244+00:00,-1.0,6.04
3638,52,Trending-Up,D1,PORTFOLIO,9,0.3333333333333333,0.82183442364005,-0.2151258615369285,-0.14166482535609967,0.030945736692481685,1.6436688472801,0.3333333333333333,0.82183442364005,-0.2151258615369285,False,hmm-v1.0.0,7fde532c-bae1-4d43-a687-13166858af4d,2026-08-24 10:20:52.898244+00:00,-0.4428972677420495,17.94
3639,52,UNKNOWN,D1,PORTFOLIO,110,0.35454545454545455,0.5909504391653607,-0.8028486516829992,-0.3421432255979005,0.45184900748011503,0.924307097156077,0.35454545454545455,0.5909504391653607,-0.8028486516829992,False,hmm-v1.0.0,7fde532c-bae1-4d43-a687-13166858af4d,2026-08-24 10:20:52.898244+00:00,-0.7261977345379471,65.97
3640,53,High-Vol,D1,PORTFOLIO,2,1.0,,1.0316463042351491,0.2807914637375778,0.0,,0.7,0.6586817317070057,0.019676223279218752,True,hmm-v1.0.0,7fde532c-bae1-4d43-a687-13166858af4d,2026-08-24 10:20:52.898244+00:00,,11.37
3641,53,Ranging,D1,PORTFOLIO,4,0.75,1.332880537476093,0.22837775016708334,0.08350849242296997,0.010034650034649997,0.444293512492031,0.6555555555555554,0.9583256453821556,-0.11244978276082596,True,hmm-v1.0.0,7fde532c-bae1-4d43-a687-13166858af4d,2026-08-24 10:20:52.898244+00:00,0.32481178215187523,11.37
3642,53,Trending-Down,D1,PORTFOLIO,1,0.0,0.0,,-0.04662221499430682,0.0004662221499430741,0.0,0.48333333333333334,0.5489014430891714,-0.38511180910315335,True,hmm-v1.0.0,7fde532c-bae1-4d43-a687-13166858af4d,2026-08-24 10:20:52.898244+00:00,-1.0,6.04
3643,53,Trending-Up,D1,PORTFOLIO,6,0.5,0.31838246259661906,-0.8956819026924887,-0.2383086796190023,0.019966672333831634,0.31838246259661906,0.5,0.31838246259661906,-0.8956819026924887,False,hmm-v1.0.0,7fde532c-bae1-4d43-a687-13166858af4d,2026-08-24 10:20:52.898244+00:00,-0.7171404015365237,11.99
3644,53,UNKNOWN,D1,PORTFOLIO,37,0.5675675675675675,0.6019186802868957,-0.45951512348584467,-0.09354847642727165,0.05566005435157417,0.4586047087900157,0.5675675675675675,0.6019186802868957,-0.45951512348584467,False,hmm-v1.0.0,7fde532c-bae1-4d43-a687-13166858af4d,2026-08-24 10:20:52.898244+00:00,-0.6211144977843036,60.02
3645,54,High-Vol,H4,PORTFOLIO,80,0.375,0.7828050889894576,-0.6000213909638528,-0.07382650555038758,0.0932320602570888,1.3046751483157626,0.375,0.7828050889894576,-0.6000213909638528,False,hmm-v1.0.0,7fde532c-bae1-4d43-a687-13166858af4d,2026-08-24 10:20:52.898244+00:00,-0.6397859625738409,23.62
3646,54,Ranging,H4,PORTFOLIO,302,0.3443708609271523,0.9214432937533074,-0.3555562220966207,-0.029403936018687772,0.2869917553509994,1.754286270799566,0.3443708609271523,0.9214432937533074,-0.3555562220966207,False,hmm-v1.0.0,7fde532c-bae1-4d43-a687-13166858af4d,2026-08-24 10:20:52.898244+00:00,-0.3452016645483316,23.62
3647,54,Trending-Down,H4,PORTFOLIO,11,0.45454545454545453,1.3113914650683,0.2467378117076294,0.09431775228902675,0.021636303061978095,1.5736697580819599,0.45454545454545453,1.3113914650683,0.2467378117076294,False,hmm-v1.0.0,7fde532c-bae1-4d43-a687-13166858af4d,2026-08-24 10:20:52.898244+00:00,0.46282840979227924,23.62
3648,54,UNKNOWN,H4,PORTFOLIO,1080,0.35462962962962963,0.9120399746971756,-0.49552529148504754,-0.03168783928102662,0.4073738516349792,1.659769875623842,0.35462962962962963,0.9120399746971756,-0.49552529148504754,False,hmm-v1.0.0,7fde532c-bae1-4d43-a687-13166858af4d,2026-08-24 10:20:52.898244+00:00,-0.7917422819227369,60.02
3649,55,High-Vol,D1,PORTFOLIO,5,0.4,6.762365331929929,0.8526034770538208,3.4963280844675304,0.010135422712323509,10.143547997894894,0.4,6.762365331929929,0.8526034770538208,False,hmm-v1.0.0,7fde532c-bae1-4d43-a687-13166858af4d,2026-08-24 10:20:52.898244+00:00,17.57978112745513,23.36
3650,55,Ranging,D1,PORTFOLIO,20,0.15,1.4327678187649076,0.40766786350514533,0.37374926080654647,0.11544131177022099,8.11901763966781,0.15,1.4327678187649076,0.40766786350514533,False,hmm-v1.0.0,7fde532c-bae1-4d43-a687-13166858af4d,2026-08-24 10:20:52.898244+00:00,0.5737625093337538,17.41
3651,55,Trending-Down,D1,PORTFOLIO,1,0.0,0.0,,-1.0125701459034782,0.010125701459034797,0.0,0.12910798122065728,1.2969081825077287,0.5333346746915665,True,hmm-v1.0.0,7fde532c-bae1-4d43-a687-13166858af4d,2026-08-24 10:20:52.898244+00:00,-1.0,6.04
3652,55,Trending-Up,D1,PORTFOLIO,6,0.16666666666666666,0.9681159025525192,-0.022323761521527003,-0.02688302415665374,0.03987509569799319,4.840579512762596,0.16666666666666666,0.9681159025525192,-0.022323761521527003,False,hmm-v1.0.0,7fde532c-bae1-4d43-a687-13166858af4d,2026-08-24 10:20:52.898244+00:00,-0.07592708249431503,17.94
3653,55,UNKNOWN,D1,PORTFOLIO,110,0.14545454545454545,1.4606378461907448,0.43571541295644595,0.39879366959888773,0.16333879060134715,8.581247346370626,0.14545454545454545,1.4606378461907448,0.43571541295644595,False,hmm-v1.0.0,7fde532c-bae1-4d43-a687-13166858af4d,2026-08-24 10:20:52.898244+00:00,2.6025860652354504,65.97
3654,56,High-Vol,H1,PORTFOLIO,100,0.52,1.2980162670390605,0.8022142988023854,0.03441764473282178,0.020861830861532135,1.1981688618822095,0.52,1.2980162670390605,0.8022142988023854,False,hmm-v1.0.0,7fde532c-bae1-4d43-a687-13166858af4d,2026-08-24 10:20:52.898244+00:00,1.6475591262365816,17.67
3655,56,Trending-Down,H1,PORTFOLIO,109,0.43119266055045874,0.7873388164450441,-0.6587009541796829,-0.024017888474378902,0.05120734670609961,1.0386171621189944,0.43119266055045874,0.7873388164450441,-0.6587009541796829,False,hmm-v1.0.0,7fde532c-bae1-4d43-a687-13166858af4d,2026-08-24 10:20:52.898244+00:00,-0.5122064795082318,23.72
3656,56,Trending-Up,H1,PORTFOLIO,107,0.45794392523364486,0.8819437974040322,-0.35161845713283013,-0.012750628799680565,0.035852912966610084,1.043933474478242,0.45794392523364486,0.8819437974040322,-0.35161845713283013,False,hmm-v1.0.0,7fde532c-bae1-4d43-a687-13166858af4d,2026-08-24 10:20:52.898244+00:00,-0.3883518416062169,23.72
3657,56,UNKNOWN,H1,PORTFOLIO,625,0.4912,0.9579346046573787,-0.18428599494524758,-0.005156721532282267,0.11162240172916849,0.9922579944008025,0.4912,0.9579346046573787,-0.18428599494524758,False,hmm-v1.0.0,7fde532c-bae1-4d43-a687-13166858af4d,2026-08-24 10:20:52.898244+00:00,-0.3105927345788628,60.02
3658,57,High-Vol,H1,PORTFOLIO,7,0.0,0.0,-10.0,-1.0156486625523693,0.06896547142284526,0.0,0.0,0.0,-10.0,False,hmm-v1.0.0,7fde532c-bae1-4d43-a687-13166858af4d,2026-08-24 10:20:52.898244+00:00,-1.0,17.67
3659,57,Trending-Down,H1,PORTFOLIO,6,0.0,0.0,-10.0,-1.0216373010748008,0.059753804987515924,0.0,0.0,0.0,-10.0,False,hmm-v1.0.0,7fde532c-bae1-4d43-a687-13166858af4d,2026-08-24 10:20:52.898244+00:00,-1.0,17.77
3660,57,Trending-Up,H1,PORTFOLIO,1,0.0,0.0,,-1.0141043723554184,0.010141043723554177,0.0,0.07407407407407408,0.34151932973701127,-0.8832743931474034,True,hmm-v1.0.0,7fde532c-bae1-4d43-a687-13166858af4d,2026-08-24 10:20:52.898244+00:00,-1.0,6.04
3661,57,UNKNOWN,H1,PORTFOLIO,31,0.12903225806451613,0.622214592610427,-0.4469301948359395,-0.33516886506876165,0.16787276646618965,4.199948500120382,0.12903225806451613,0.622214592610427,-0.4469301948359395,False,hmm-v1.0.0,7fde532c-bae1-4d43-a687-13166858af4d,2026-08-24 10:20:52.898244+00:00,-0.6161440830022696,60.02
3662,58,High-Vol,H1,PORTFOLIO,172,0.3953488372093023,1.247503193782613,1.1340102361386089,0.15238689466612337,0.1445153540047621,1.9079460610792907,0.3953488372093023,1.247503193782613,1.1340102361386089,False,hmm-v1.0.0,7fde532c-bae1-4d43-a687-13166858af4d,2026-08-24 10:20:52.898244+00:00,1.9122024135044577,17.67
3663,58,Trending-Down,H1,PORTFOLIO,208,0.3269230769230769,0.9210635356869473,-0.39950058696355156,-0.05418376511398411,0.22195857960605603,1.89630727935548,0.3269230769230769,0.9210635356869473,-0.39950058696355156,False,hmm-v1.0.0,7fde532c-bae1-4d43-a687-13166858af4d,2026-08-24 10:20:52.898244+00:00,-0.5597086717335039,23.72
3664,58,Trending-Up,H1,PORTFOLIO,224,0.3705357142857143,1.1116457214618638,0.5337159611813305,0.07147598020219445,0.17448492277339936,1.888458394290636,0.3705357142857143,1.1116457214618638,0.5337159611813305,False,hmm-v1.0.0,7fde532c-bae1-4d43-a687-13166858af4d,2026-08-24 10:20:52.898244+00:00,0.8450061009167358,23.72
3665,58,UNKNOWN,H1,PORTFOLIO,1511,0.3368630046326936,0.9724850351472971,-0.21925580672608283,-0.018545215426083016,0.6631156885025842,1.914400796105288,0.3368630046326936,0.9724850351472971,-0.21925580672608283,False,hmm-v1.0.0,7fde532c-bae1-4d43-a687-13166858af4d,2026-08-24 10:20:52.898244+00:00,-0.5247082717408517,66.06
